{
	"markers": [
		{
			"id": 199,
			"size": 0.21180257,
			"offsetX": 0.476052,
			"offsetY": 0
		},
		{
			"id": 118,
			"size": 0.066566523,
			"offsetX": -0.088755,
			"offsetY": -0.003026
		},
		{
			"id": 85,
			"size": 0.030257510,
			"offsetX": 0.018154504,
			"offsetY": 0.072618025
		}
	]
}