{
	"markers": [
		{
			"id": 199,
			"size": 0.135,
			"offsetX": 0.026349,
            "offsetY": 0.141789
		},
		{
			"id": 118,
			"size": 0.03,
			"offsetX": 0.046997,
			"offsetY": -0.013023
		},
		{
			"id": 85,
			"size": 0.014,
			"offsetX": 0.0,
			"offsetY": 0.0
		}
	]
}